timestamp,ATTITUDE.time_boot_ms,ATTITUDE.roll,ATTITUDE.pitch,ATTITUDE.yaw,ATTITUDE.rollspeed,ATTITUDE.pitchspeed,ATTITUDE.yawspeed
1553444869.81387186,76526,0.08620401471853256,0.019906815141439438,0.6530364751815796,-0.0007959480280987918,0.0015062873717397451,0.0007505210232920945
1553444870.83311200,77548,0.08630774170160294,0.019771317020058632,0.6529899835586548,-0.0015003648586571217,0.0010875379666686058,0.00032248315983451903
1553444871.86107588,78578,0.08645498007535934,0.019637571647763252,0.6531081199645996,0.0002862535766325891,0.0007498321356251836,0.00035316054709255695
1553444872.88367987,79599,0.08663996309041977,0.019487783312797546,0.6533668637275696,0.0004510838189162314,0.0010110980365425348,8.57611303217709e-05
1553444873.12629199,79846,0.08663282543420792,0.01941544935107231,0.6534597873687744,0.001104823313653469,0.0006154484581202269,5.820475053042173e-07
1553444873.36895990,80090,0.08664736151695251,0.019314073026180267,0.6536104679107666,-0.0002765468670986593,0.00035535296774469316,0.0013904855586588383
1553444873.61504388,80336,0.08673630654811859,0.019213618710637093,0.6538087129592896,0.0015497751301154494,0.0005466088769026101,0.0012568065430969
1553444873.85925198,80580,0.08682422339916229,0.01918424665927887,0.6539639234542847,0.00014092994388192892,0.0005426601273939013,0.0011106926249340177
1553444874.10573196,80825,0.0868515893816948,0.01921873725950718,0.6540646553039551,-8.147700282279402e-05,5.479561514221132e-05,0.001011229818686843
1553444874.35261202,81070,0.08684269338846207,0.019176499918103218,0.6540939807891846,3.505755739752203e-05,0.001649299869313836,0.0007905223756097257
1553444874.59538794,81315,0.08674462884664536,0.01911456324160099,0.654057502746582,-0.0002465485013090074,0.0007501010550186038,-0.00020833476446568966
1553444874.83534002,81557,0.08676468580961227,0.019108448177576065,0.6540423035621643,-0.00037984998198226094,-2.772212610580027e-05,-0.000780861999373883
1553444875.08262801,81803,0.08672166615724564,0.019034331664443016,0.65406334400177,-0.0012643566587939858,-0.00010075830505229533,-0.00024608970852568746
1553444875.32667589,82047,0.08682979643344879,0.019012881442904472,0.6540396213531494,0.0001462428190279752,-3.172611468471587e-05,0.00022177165374159813
1553444875.57174397,82294,0.08681522309780121,0.01898704282939434,0.6540903449058533,0.00040871306555345654,0.00043034361442551017,0.0016347698401659727
1553444875.82223582,82537,0.086791031062603,0.018993191421031952,0.6541717648506165,0.0008487844606861472,-9.127537487074733e-05,-6.811591447331011e-05
1553444876.07379985,82782,0.08684089779853821,0.01906067132949829,0.6542702913284302,0.00025643332628533244,-0.0007927456172183156,0.000694562157150358
1553444876.32043195,83028,0.08687286078929901,0.019061237573623657,0.6543653607368469,0.00025323667796328664,0.00012458095443435013,0.00038890697760507464
1553444876.81753588,83535,0.08693051338195801,0.019232382997870445,0.6544368267059326,0.0019107742700725794,0.0006570651894435287,0.0008681450271978974
1553444877.41207194,84044,0.08701711893081665,0.01962961070239544,0.6546705961227417,-0.000821374065708369,0.001292683184146881,0.00022180343512445688
1553444877.83469582,84550,0.08688383549451828,0.01976298727095127,0.6547459363937378,-0.00014670305245090276,0.0004076286859344691,0.0007936768815852702
1553444878.37852788,85060,0.08684790879487991,0.02026957832276821,0.6548884510993958,0.00045927881728857756,0.0007444602670148015,0.0011447281576693058
1553444878.89094400,85567,0.086928591132164,0.02051052451133728,0.6551356315612793,0.0008440126548521221,0.00036592292599380016,8.807427366264164e-05
1553444879.38196397,86077,0.08687844127416611,0.020786676555871964,0.655388593673706,0.000941895239520818,0.0012644949601963162,0.000978239462710917
1553444879.86641192,86580,0.0868680328130722,0.020930085331201553,0.6555153131484985,0.0003987321106251329,-0.00038273900281637907,0.0008899800595827401
1553444880.38576794,87088,0.08686112612485886,0.02107197791337967,0.6554562449455261,0.0010589882731437683,0.000364014325896278,-0.000200616690563038
1553444880.87385583,87593,0.08692283183336258,0.021260371431708336,0.6555163264274597,0.00010198152449447662,0.0007914038142189384,0.0006059501320123672
1553444881.38253593,88103,0.08714635670185089,0.021334538236260414,0.6556758880615234,0.0003272747853770852,0.0005267439992167056,-0.00043135465239174664
1553444881.91443586,88611,0.08725140243768692,0.021683452650904655,0.6556513905525208,0.0003060979943256825,0.00023821330978535116,4.870208795182407e-05
1553444882.40266800,89120,0.08737874776124954,0.021661801263689995,0.655472457408905,-0.0002156288828700781,0.0008344523957930505,0.001139023806899786
1553444882.90558791,89626,0.08725007623434067,0.0215605515986681,0.655197262763977,-0.0006688107387162745,5.773620796389878e-05,0.00019448446983005852
1553444883.41957593,90135,0.08698911219835281,0.02158834971487522,0.6552342772483826,0.0005268052918836474,0.00034145504469051957,0.0003280440578237176
1553444883.92339587,90640,0.08680301159620285,0.02155338041484356,0.6553583741188049,0.0009906506165862083,-0.00021374612697400153,0.001440301537513733
1553444884.44247603,91150,0.08683637529611588,0.02146587334573269,0.6551991105079651,0.0009304981213063002,0.0011616379488259554,0.0003709534357767552
1553444884.94655991,91658,0.08632280677556992,0.021579856052994728,0.6550617814064026,-0.0013700934359803796,0.0009831753559410572,0.0005972400540485978
1553444885.19551587,91905,0.08626975119113922,0.021591095253825188,0.6550912261009216,-0.0005487436428666115,8.00079433247447e-05,0.0002026874863076955
1553444885.47631598,92148,0.08629968017339706,0.021611647680401802,0.6549680233001709,0.0007355901761911809,0.00011583368177525699,-5.866675928700715e-05
1553444885.67371988,92393,0.08644924312829971,0.02157999388873577,0.6548720598220825,-0.0002046045265160501,-0.000450067687779665,0.00010478362673893571
1553444885.92465997,92637,0.08666267991065979,0.021507693454623222,0.654950737953186,0.00023521824914496392,0.001285437261685729,0.0006755071808584034
1553444886.16362405,92883,0.08692272752523422,0.021479742601513863,0.6551226377487183,0.001730231917463243,-0.000353875569999218,0.0001717643899610266
1553444886.41829991,93126,0.08701769262552261,0.0215004850178957,0.6552705764770508,0.000473901309305802,0.0006180183845572174,0.0007324125617742538
1553444886.91396403,93636,0.08715412020683289,0.021420596167445183,0.6553387641906738,0.00045912712812423706,0.0006129801040515304,0.0009332239860668778
1553444887.42457986,94143,0.08705968409776688,0.021310890093445778,0.6551676988601685,-0.0002417022333247587,-4.460650961846113e-05,0.0006181743810884655
1553444887.93670392,94651,0.08703555911779404,0.021148068830370903,0.6549303531646729,0.0006557040615007281,-0.00046628020936623216,6.575311999768019e-05
1553444888.43863988,95157,0.08700520545244217,0.02118822932243347,0.6549661159515381,0.0009734452469274402,0.0003104877541773021,0.0003772827913053334
1553444888.95055604,95667,0.0871059000492096,0.02127148024737835,0.6551017761230469,-0.0004517784109339118,0.0008187881903722882,0.0009389239712618291
1553444889.46043587,96173,0.08694974333047867,0.0212180707603693,0.6552722454071045,0.00011416889901738614,0.00016148656141012907,0.0008647881331853569
1553444889.95787191,96679,0.08707306534051895,0.020937727764248848,0.6552391052246094,0.00015825804439373314,-0.0005362515803426504,-8.936668746173382e-05
1553444890.46768403,97186,0.08700884878635406,0.02096753753721714,0.6552392840385437,-0.0006214124150574207,0.0007064579986035824,0.0007272721268236637
1553444890.98223996,97695,0.08707033842802048,0.020794978365302086,0.6552491188049316,0.0008895391365513206,0.0011309891706332564,0.0005351598374545574
1553444891.49586797,98209,0.08707993477582932,0.02069954201579094,0.6551743745803833,0.0007004706421867013,0.0002830343437381089,0.0007817823789082468
1553444892.00049186,98719,0.08688797056674957,0.02085103467106819,0.6549637913703918,0.00045247949310578406,0.0005325350211933255,0.0005149204516783357
1553444892.52119589,99228,0.08674149215221405,0.020888684317469597,0.6549817323684692,0.0003687764110509306,-0.0004379195743240416,0.001018534996546805
1553444893.01411200,99733,0.08639680594205856,0.020824186503887177,0.6550268530845642,0.0006870695506222546,-0.0002234242856502533,0.0014243879122659564
1553444893.52518392,100242,0.08601462841033936,0.021083038300275803,0.6548090577125549,0.000599903694819659,0.0005530879134312272,0.0004557789652608335
1553444894.04104781,100749,0.08557295799255371,0.02137135900557041,0.6546233892440796,-0.00030864865402691066,-3.148900577798486e-05,0.0008161740261130035
1553444894.54385591,101258,0.08542653918266296,0.021602744236588478,0.6548036932945251,-9.892148955259472e-05,-0.00011850745067931712,0.000527425087057054
1553444895.05800390,101765,0.08527576923370361,0.021825997158885002,0.6547744274139404,-0.0008513002539984882,-2.5985820684581995e-05,0.0007409770041704178
1553444895.56201196,102274,0.08527494966983795,0.02204909734427929,0.6546177268028259,-0.00019618638907559216,-0.0003528950037434697,0.001179124228656292
1553444896.06593204,102780,0.08535723388195038,0.022232597693800926,0.6542349457740784,-0.0001517987111583352,0.0009706080891191959,-0.0003982546040788293
1553444896.58051586,103293,0.0854344516992569,0.02230069227516651,0.6538933515548706,-0.0004111472808290273,0.00037544569931924343,-0.00019680240075103939
1553444897.08814001,103801,0.08557287603616714,0.022234799340367317,0.6536763906478882,0.0009709731675684452,-0.00045363156823441386,0.0011081565171480179
1553444897.60878396,104314,0.0859479010105133,0.022266743704676628,0.6534284353256226,-0.0006612117867916822,-0.0007004396757110953,-0.00030374652124010026
1553444898.12087202,104822,0.08634094893932343,0.02232351340353489,0.653049111366272,-0.00033005315344780684,-4.0013110265135765e-05,4.195057772449218e-05
1553444898.62926388,105329,0.08650808781385422,0.022274522110819817,0.6529245376586914,-0.0002796213957481086,0.0012469158973544836,0.00030883913859725
1553444899.12265992,105835,0.08664028346538544,0.02234049327671528,0.6528739929199219,0.00013443507486954331,-0.0009641663637012243,0.00017498229863122106
1553444899.70132399,106341,0.08665701746940613,0.022441281005740166,0.6528005003929138,0.0007252901559695601,-0.00010358559666201472,-2.535069506848231e-05
1553444900.15816402,106851,0.08680659532546997,0.022487802430987358,0.6526684165000916,0.0009599977638572454,0.0002698135212995112,0.00044454206363298
1553444900.38832402,107098,0.0868380069732666,0.022471310570836067,0.6526166200637817,-0.0007976200431585312,0.00012067868374288082,0.0008961260318756104
1553444900.63243985,107342,0.08686799556016922,0.022505806758999825,0.6525323987007141,5.707481614081189e-05,0.0012155093718320131,0.0006486590136773884
1553444900.90525198,107592,0.08689472824335098,0.022511037066578865,0.652442216873169,0.0003686872369144112,0.00040471646934747696,0.0003139166801702231
1553444901.14331985,107837,0.08689062297344208,0.022502945736050606,0.6524267196655273,0.00017960189143195748,0.000739873037673533,0.0005920439143665135
1553444901.40725994,108080,0.08685214072465897,0.02241591177880764,0.6523905992507935,0.0006348996539600194,0.000795187137555331,0.00035646656760945916
1553444901.61938787,108326,0.08685178309679031,0.022525904700160027,0.6523429751396179,0.00027547922218218446,0.0010470994748175144,0.00034706841688603163
1553444901.87166786,108569,0.08680646866559982,0.022547734901309013,0.6521856188774109,2.1259751520119607e-05,9.658775525167584e-05,0.0002448999148327857
1553444902.11175203,108814,0.08676113933324814,0.02262687496840954,0.6520025730133057,-0.0012134370626881719,-3.0036200769245625e-05,0.0010881152702495456
1553444902.35146785,109061,0.08676048368215561,0.022637447342276573,0.6519161462783813,-0.00021735174232162535,0.00024157576262950897,0.0004489134007599205
1553444902.59958386,109308,0.08675464987754822,0.022595351561903954,0.6518757343292236,0.0012265369296073914,6.457767449319363e-05,0.00037591016734950244
1553444902.86594391,109552,0.08684175461530685,0.022527577355504036,0.6519109606742859,-0.00021723387180827558,0.0005951466737315059,0.0012716776691377163
1553444903.08763194,109798,0.08683684468269348,0.022442171350121498,0.6519340872764587,0.0012525590136647224,0.00027688080444931984,0.0005653477273881435
1553444903.34359598,110042,0.08677346259355545,0.022381050512194633,0.6519141793251038,-0.00014410537551157176,-8.490000618621707e-05,0.001039399765431881
1553444903.57934403,110288,0.08670409023761749,0.02233700640499592,0.651867151260376,0.0009739183587953448,0.0007000276236794889,0.00011450183228589594
1553444903.82726002,110531,0.08666665107011795,0.02242855541408062,0.6519496440887451,0.00040626071859151125,0.0004075675387866795,0.0010352038079872727
1553444904.09252381,110778,0.08663874119520187,0.022423768416047096,0.6519829630851746,0.0003571098786778748,0.0010792885441333055,-0.00021866658062208444
1553444904.34885597,111020,0.08672628551721573,0.022439321503043175,0.6519970893859863,0.0006220132345333695,6.691773887723684e-05,0.00036044002627022564
1553444904.56532788,111267,0.08673861622810364,0.022546639665961266,0.6521056890487671,0.0004541341622825712,0.0013932720758020878,0.0008872817270457745
1553444904.80826783,111511,0.08676939457654953,0.022726813331246376,0.6520773768424988,0.0007390358950942755,0.0008756882161833346,0.0006673602038063109
1553444905.05278397,111756,0.08670182526111603,0.022920234128832817,0.6521161198616028,-0.0003370038466528058,9.490177035331726e-06,-0.00011029151937691495
1553444905.30513597,111999,0.08672864735126495,0.022933626547455788,0.6522394418716431,-0.0005384202231653035,0.0013904348015785217,0.0005568687338382006
1553444905.53568792,112245,0.08680173009634018,0.023009737953543663,0.6522788405418396,0.0007209686446003616,0.000543470261618495,0.00010989414295181632
1553444905.78098392,112490,0.08683452755212784,0.023136401548981667,0.6523140668869019,0.0002361043734708801,0.0005565371247939765,0.00012688265996985137
1553444906.02872801,112734,0.08685100078582764,0.023320356383919716,0.6523140668869019,-9.370789484819397e-05,0.00074195017805323,0.0009106015204451978
1553444906.27955604,112978,0.08682960271835327,0.0234041940420866,0.6522879600524902,3.132309939246625e-05,0.0005334904417395592,0.0004291416553314775
1553444906.52646399,113223,0.08682945370674133,0.023523474112153053,0.6522736549377441,-0.00032072453177534044,0.0007328515639528632,0.00025230550090782344
1553444907.02455592,113730,0.0867251381278038,0.023761292919516563,0.6523969173431396,0.00014333784929476678,0.0009266624692827463,0.0005438008811324835
1553444907.53210402,114239,0.08647327125072479,0.02397259883582592,0.6524527072906494,-0.0003297238436061889,0.0002767506521195173,0.0012804002035409212
1553444908.04233599,114747,0.0862727165222168,0.02400139532983303,0.6524680852890015,0.0006601113127544522,0.0009336650255136192,0.0012354677310213447
1553444908.55957198,115263,0.08613475412130356,0.02365458942949772,0.6524171829223633,-5.968484765617177e-05,0.00010930310236290097,0.0006483729230239987
1553444909.06563592,115768,0.08630472421646118,0.02341575361788273,0.6524155139923096,-0.0004492619773373008,0.0007866867235861719,0.0007267616456374526
1553444909.61836386,116285,0.08659060299396515,0.023439975455403328,0.6523607969284058,-3.861318691633642e-05,0.0011727630626410246,0.0005132105434313416
1553444910.08711982,116792,0.08674667030572891,0.02341804839670658,0.6521293520927429,3.1332696380559355e-05,0.000911463750526309,0.0011145040625706315
1553444910.60078788,117300,0.08674034476280212,0.023625044152140617,0.6520434021949768,0.00013102070079185069,0.0009244295069947839,-0.0007482243236154318
1553444911.10724783,117807,0.08660051971673965,0.023671815171837807,0.6522308588027954,0.0015323881525546312,0.0015933788381516933,-8.459851960651577e-05
1553444911.62479997,118314,0.08665686100721359,0.02372034825384617,0.6523561477661133,0.0005832661408931017,0.0005810686270706356,0.0017840159125626087
1553444912.11921597,118822,0.08687381446361542,0.023781633004546165,0.6525604724884033,0.0001937398628797382,0.0007751350058242679,0.0009240510989911854
1553444912.64012384,119329,0.08685595542192459,0.02351067028939724,0.652367115020752,-0.00029161095153540373,0.0020316042937338352,0.0005710756522603333
1553444913.13509583,119836,0.08670338243246078,0.023417862132191658,0.6521424055099487,-0.0006428397609852254,0.000303960929159075,-3.2743086194386706e-05
1553444913.64095187,120345,0.08644319325685501,0.02343541570007801,0.6519917249679565,-0.0016222106060013175,0.0005511827766895294,-0.00012599056935869157
1553444914.15772796,120855,0.0863257348537445,0.023396166041493416,0.6519534587860107,0.000514399609528482,-0.00013245752779766917,0.0002702273486647755
1553444914.65952802,121361,0.08637930452823639,0.023250067606568336,0.6518146991729736,-0.0003666910051833838,1.8475810065865517e-05,-0.00015146929945331067
1553444915.17279196,121873,0.08616682142019272,0.023086799308657646,0.6518734693527222,0.00011197243293281645,0.000693036534357816,0.00047537614591419697
1553444915.42085600,122117,0.08606339246034622,0.023068035021424294,0.6519533395767212,-0.00042537052650004625,0.0005324720405042171,0.0002089036861434579
1553444915.67656398,122361,0.08614779263734818,0.023035356774926186,0.6520160436630249,0.0005743199144490063,0.0013430537655949593,0.0009609242551960051
1553444915.91638398,122605,0.08621381968259811,0.02292742393910885,0.6520785093307495,0.0003628167323768139,0.001109943026676774,0.00028309813933447003
1553444916.15346003,122850,0.08629526197910309,0.02293718419969082,0.652082085609436,-0.0006041131564415991,0.0007027557003311813,0.0010461044730618596
1553444916.41380787,123097,0.08631709963083267,0.022823726758360863,0.6520180106163025,-0.000335725664626807,0.0005082603893242776,0.0007073513115756214
1553444916.90315604,123603,0.08641236275434494,0.022481760010123253,0.6519029140472412,-0.00020269585365895182,0.00019802869064733386,0.00011469297896837816
1553444917.42028403,124111,0.08650850504636765,0.022325051948428154,0.6519864797592163,-0.0005553790251724422,0.00017794972518458962,0.0017336097080260515
1553444917.91442394,124619,0.08656521886587143,0.02216191403567791,0.6520755290985107,-0.0006753671914339066,-0.0001268445048481226,0.0005824413383379579
1553444918.42036796,125125,0.08655369281768799,0.021883083507418633,0.6521345376968384,0.00022137881023809314,0.0007187731098383665,-0.00011398845526855439
1553444918.95225191,125634,0.08653440326452255,0.021590983495116234,0.6524711847305298,-0.0008247854420915246,0.0006540461909025908,0.0005168569623492658
1553444919.44501996,126142,0.08660456538200378,0.02176121063530445,0.6529016494750977,0.000830549921374768,0.0005839837249368429,0.0006810722989030182
1553444919.96064401,126653,0.08669522404670715,0.021896174177527428,0.6529591679573059,-0.0006972573464736342,0.0008196295821107924,0.0012115968856960535
1553444920.45395994,127160,0.08676833659410477,0.022063283249735832,0.6527738571166992,-0.0007018129108473659,0.000122147670481354,-0.00035507549182511866
1553444920.97371197,127668,0.08675534278154373,0.02202356420457363,0.6527345180511475,0.0004615193174686283,-0.0007396630826406181,0.001833166927099228
1553444921.47659183,128174,0.08687479794025421,0.02202926017343998,0.6528990268707275,-0.00010194518836215138,0.0006526815705001354,-0.00010554604523349553
1553444921.98492002,128682,0.08669379353523254,0.022011877968907356,0.6529878973960876,0.0007853666902519763,0.0004655318334698677,0.0011293756542727351
1553444922.49052787,129190,0.08703257888555527,0.022281991317868233,0.6531196236610413,0.0003011043299920857,0.00038450065767392516,0.0016465013613924384
1553444923.00436401,129698,0.08712132275104523,0.022195322439074516,0.6531649827957153,0.0006065996713005006,0.0002829466830007732,0.001504173967987299
1553444923.50158000,130205,0.08714296668767929,0.022305605933070183,0.6531260013580322,0.0006233720341697335,0.0006423443555831909,0.0016542463563382626
1553444924.00641203,130712,0.08766300231218338,0.022296970710158348,0.6533312797546387,0.0009405186283402145,0.0019911297131329775,0.00022499979240819812
1553444924.51762390,131218,0.08782000094652176,0.02234751172363758,0.6535995602607727,0.001002216711640358,-0.0005781016661785543,0.001294046058319509
1553444925.02620792,131725,0.08760794997215271,0.02242320217192173,0.6536135077476501,-0.000958130054641515,0.0018461705185472965,-0.00010367312643211335
1553444925.53457999,132230,0.08773520588874817,0.022431785240769386,0.6537536382675171,0.0005640669260174036,0.0008588400087319314,0.0012675479520112276
1553444926.04474401,132738,0.08783769607543945,0.022487903013825417,0.6537392735481262,0.0010451447451487184,0.0003318070084787905,0.0014113944489508867
1553444926.55679202,133251,0.087708979845047,0.022726641967892647,0.6537153124809265,0.00012514124682638794,0.0013975829351693392,0.0010922689689323306
1553444927.05771184,133757,0.08742214739322662,0.02279708720743656,0.6537208557128906,-0.0004857894382439554,-0.0008180895820260048,0.000384933955501765
1553444927.56977201,134266,0.08707626909017563,0.022879065945744514,0.6535861492156982,7.750945223961025e-05,-0.00024444336304441094,0.0014188617933541536
1553444928.10200381,134773,0.08696403354406357,0.023421796038746834,0.6535038352012634,0.0010643347632139921,0.0002713064895942807,0.0005489697214215994
1553444928.58791590,135281,0.08705984055995941,0.023561103269457817,0.653628408908844,-0.0009709718869999051,0.0005787066766060889,0.0005047976155765355
1553444929.11289597,135791,0.08705060184001923,0.02313177101314068,0.6536721587181091,0.0011795928003266454,0.0008348724222742021,0.0008809597347863019
1553444929.60334802,136299,0.08696383237838745,0.022734059020876884,0.653860867023468,-8.306445670314133e-05,-0.00019632442854344845,0.00029105725116096437
1553444930.10586405,136806,0.0869508758187294,0.02262428216636181,0.6539067625999451,0.0003051632666029036,0.0016288822516798973,0.0007418321329168975
1553444930.35587597,137049,0.08687096834182739,0.022548580542206764,0.6539703011512756,-0.0002793239546008408,0.0008254235726781189,-0.0003423510352149606
1553444930.60642791,137294,0.08675723522901535,0.022510314360260963,0.6540317535400391,-6.846605538157746e-05,0.0014552422799170017,0.0008699923637323081
1553444930.84882402,137537,0.08640215545892715,0.02246938832104206,0.6541593670845032,0.00012342154514044523,0.0012075130362063646,0.00018049744539894164
1553444931.09148002,137782,0.08627072721719742,0.02238091640174389,0.6541966199874878,-0.0002053006028290838,-0.00043670539162121713,-0.00028734400984831154
1553444931.35483193,138026,0.08613543212413788,0.022351251915097237,0.6542246341705322,0.0002712178393267095,0.0013393263798207045,0.0011943558929488063
1553444931.58689594,138271,0.0861034095287323,0.02243543229997158,0.6542609333992004,-2.5434688723180443e-05,0.0026839382480829954,0.0003410083008930087
1553444931.83219981,138514,0.08601211756467819,0.022414809092879295,0.6542462706565857,8.557661203667521e-05,0.0006301577086560428,0.0004844215582124889
1553444932.05757999,138758,0.08593673259019852,0.022458767518401146,0.6543445587158203,0.0006544034695252776,0.0005903028068132699,0.0006773141212761402
1553444932.30148387,139001,0.08583790808916092,0.02244693599641323,0.6543176770210266,-0.00034200327354483306,0.00045635871356353164,0.0004709314089268446
1553444932.56070805,139252,0.08581411093473434,0.022431811317801476,0.6543211936950684,0.00047736146370880306,0.0009064478217624128,0.0003681234084069729
1553444932.82918787,139495,0.08578170835971832,0.022394908592104912,0.6542143821716309,-0.000876559060998261,0.0013936207396909595,0.00014317264140117913
1553444933.03922796,139743,0.08563993871212006,0.022378234192728996,0.6542420387268066,-0.0005342703079804778,-0.00011510530021041632,0.00092561065685004
1553444933.28611183,139986,0.08559437096118927,0.022483421489596367,0.6543565392494202,6.047041097190231e-06,0.0007940786890685558,0.0011212420649826527
1553444933.53123188,140232,0.085552878677845,0.022417614236474037,0.6545592546463013,-0.000202216295292601,-0.0003626278485171497,0.0011996509274467826
1553444933.78246403,140474,0.08539918065071106,0.02239803411066532,0.6547399163246155,0.00016536828479729593,-0.0005182058084756136,0.000498146575409919
1553444934.01979184,140719,0.08533525466918945,0.02254493720829487,0.6547266244888306,0.008060650900006294,0.0004620231920853257,-0.0032799590844660997
1553444934.26601982,140963,0.08607116341590881,0.022682571783661842,0.6539939641952515,0.018998749554157257,0.0007425766671076417,-0.019879406318068504
1553444934.51273990,141209,0.08544259518384933,0.022693021222949028,0.6545711755752563,-0.008485532365739346,-0.00012688117567449808,0.009981588460505009
1553444934.75886798,141452,0.0852370485663414,0.02288907580077648,0.6548495888710022,0.0018957089632749557,0.0011782090878114104,-0.001973941456526518
1553444935.00244784,141697,0.0858561247587204,0.023001065477728844,0.6542009115219116,0.010466653853654861,0.0007574459887109697,-0.008497711271047592
1553444935.25219202,141941,0.08566064387559891,0.023147111758589745,0.6543552279472351,0.0006337175145745277,0.0013736491091549397,-0.0007485086098313332
1553444935.49450803,142186,0.08478043973445892,0.02304140292108059,0.6551194190979004,-0.007069592364132404,0.00014008907601237297,0.006310593336820602
1553444935.73551989,142430,0.022941915318369865,0.0432741716504097,0.646947979927063,-0.649933397769928,0.13389067351818085,-0.07642469555139542
1553444935.97371984,142672,-0.0466412752866745,0.058915875852108,0.6265398859977722,-0.017244568094611168,0.05825568363070488,-0.08222408592700958
1553444936.22002792,142920,-0.04501877725124359,0.09196595102548599,0.6091905832290649,0.13128302991390228,0.21353945136070251,-0.04277802258729935
1553444936.46474385,143164,-0.01199592836201191,0.1552356481552124,0.6018810868263245,0.010306807234883308,0.25846216082572937,-0.0073045771569013596
1553444936.71078396,143411,-0.02404346689581871,0.18384508788585663,0.5978394746780396,0.024519730359315872,0.02114466018974781,-0.00915600173175335
1553444937.23242402,143918,-0.04218439385294914,0.11870906502008438,0.5858160853385925,-0.11249055713415146,-0.24964715540409088,-0.057863999158144
1553444937.73093200,144428,0.0004337513819336891,0.01693248562514782,0.5538188219070435,-0.25478115677833557,-0.09430236369371414,-0.09781521558761597
1553444938.23691583,144938,-0.02205052599310875,0.012848041951656342,0.5779711604118347,0.032150834798812866,0.11333699524402618,0.28071627020835876
1553444938.75650001,145446,-0.04146362841129303,0.12697820365428925,0.7067486047744751,-0.3896859884262085,-0.019346809014678,0.22223880887031555
1553444939.24855995,145951,-0.10063895583152771,0.10073664039373398,0.8029875755310059,0.16625292599201202,-0.13387568295001984,0.12812912464141846
1553444939.76910400,146457,-0.024452533572912216,0.04386641085147858,0.8483799695968628,-0.16660694777965546,0.007392990402877331,0.031178604811429977
1553444940.26058793,146963,-0.003960582427680492,0.04303278028964996,0.8063274025917053,0.12242963165044785,0.1532900631427765,-0.16555127501487732
1553444940.77005601,147470,0.05386883765459061,0.0895080417394638,0.6809707880020142,-0.050627198070287704,0.040876347571611404,-0.31256532669067383
1553444941.28066397,147975,0.02443317137658596,0.05737803131341934,0.47665902972221375,0.053406648337841034,0.012959808111190796,-0.4569733440876007
1553444941.78749585,148485,0.08860666304826736,0.07314125448465347,0.2033170461654663,-0.2974688708782196,-0.03802194818854332,-0.6073164343833923
1553444942.28923202,148991,0.06779888272285461,0.04624192416667938,-0.13034780323505402,0.1966703087091446,-0.09377787262201309,-0.6822754740715027
1553444942.82047582,149497,0.04019183665513992,0.11040237545967102,-0.46788784861564636,-0.21847344934940338,0.09790787100791931,-0.684938371181488
1553444943.31502795,150003,0.04488842934370041,0.12775538861751556,-0.8053292036056519,0.0661030188202858,-0.007331869564950466,-0.6614418625831604
1553444943.80709982,150509,0.07063610851764679,0.12728923559188843,-1.1276707649230957,-0.0027536051347851753,-0.030134504660964012,-0.6422664523124695
1553444944.31948400,151016,0.051753319799900055,0.09797895699739456,-1.4540400505065918,0.5602644085884094,-0.11682138592004776,-0.6513941884040833
1553444944.82755995,151525,0.13623207807540894,0.05401715636253357,-1.6542812585830688,0.1182849258184433,-0.25642192363739014,0.19169174134731293
1553444945.07329583,151768,0.03843498229980469,0.0010045766830444336,-1.6060407161712646,-0.6269260048866272,-0.0846027135848999,0.16764505207538605
1553444945.31815195,152017,-0.0020715268328785896,0.023571504279971123,-1.569779872894287,0.003483450273051858,0.2362091988325119,0.12450782209634781
1553444945.56850386,152269,0.06295502185821533,0.09253471344709396,-1.5445208549499512,0.46181923151016235,0.24569906294345856,0.06561122089624405
1553444945.81521201,152516,0.01710326410830021,0.1114911362528801,-1.5369459390640259,-0.40960294008255005,-0.014648587442934513,-0.007058337330818176
1553444946.06022382,152760,-0.08863388746976852,0.10710302740335464,-1.5399746894836426,-0.07767874002456665,0.016785597428679466,-0.010269053280353546
1553444946.31241989,153006,-0.06268804520368576,0.09449127316474915,-1.5389420986175537,0.3098604381084442,-0.15523278713226318,-0.016727996990084648
1553444946.55979204,153254,0.041392333805561066,0.0472714826464653,-1.5380275249481201,0.46866241097450256,-0.18969297409057617,-0.00037246703868731856
1553444947.06111193,153762,-0.049959782510995865,-0.039367906749248505,-1.5001542568206787,0.048627279698848724,-0.391221284866333,0.2653581500053406
1553444947.57070804,154271,-0.000984296202659607,-0.20714855194091797,-1.1959730386734009,-0.42337995767593384,-0.4884892702102661,0.7501624822616577
1553444948.10007191,154790,0.033641718327999115,-0.2270863801240921,-1.0542367696762085,0.30227795243263245,0.05943911150097847,0.04664892330765724
1553444948.59920382,155300,-0.0849013701081276,-0.2835821807384491,-0.8380985260009766,-0.07939478009939194,0.005697541404515505,0.4176595211029053
1553444949.11804795,155810,-0.023347914218902588,-0.3079569339752197,-0.8024449348449707,0.1322222203016281,-0.19180676341056824,0.10510475933551788
1553444949.62229204,156318,-0.10665538907051086,-0.3889145851135254,-0.6132080554962158,0.035241059958934784,0.01604830101132393,0.12683796882629395
1553444950.12572002,156826,-0.021645113825798035,-0.37850573658943176,-0.6461319923400879,0.12435752153396606,0.10434072464704514,0.022669557482004166
1553444950.64612389,157333,-0.030371181666851044,-0.32594090700149536,-0.5455368161201477,-0.1866033673286438,0.19810093939304352,0.23756742477416992
1553444951.14340401,157842,-0.010147420689463615,-0.27419915795326233,-0.5580517649650574,-0.005449746269732714,0.09107367694377899,-0.1136149987578392
1553444951.65267992,158351,-0.005004845559597015,-0.222987100481987,-0.4944344758987427,0.14893987774848938,-0.01821901462972164,0.21819888055324554
1553444952.17355585,158858,-0.009050795808434486,-0.1844479739665985,-0.48774367570877075,0.36058515310287476,0.06947978585958481,-0.023415829986333847
1553444952.67042398,159367,0.014039270579814911,-0.04034729301929474,-0.4591856300830841,0.09095665067434311,0.17810732126235962,0.2784159481525421
1553444953.19999599,159876,-0.03023834526538849,-0.09392800182104111,-0.2977456748485565,-0.3218846321105957,0.10206705331802368,0.123331718146801
1553444953.68392801,160385,-0.04509708657860756,-0.030420716851949692,-0.40231892466545105,0.27652010321617126,-0.03550664335489273,-0.33182695508003235
1553444954.20500803,160893,0.05250151827931404,-0.12443750351667404,-0.5098675489425659,-0.19847704470157623,-0.5605862736701965,-0.14970216155052185
1553444954.69650388,161398,0.023711930960416794,-0.27110809087753296,-0.6474006772041321,0.13887296617031097,0.004808233119547367,-0.41746023297309875
1553444955.22374797,161907,0.051498301327228546,-0.19355233013629913,-0.7001491785049438,-0.29738304018974304,0.004934605211019516,0.21359379589557648
1553444955.71386790,162414,-0.01968326047062874,-0.23102645576000214,-0.630574107170105,0.26958876848220825,-0.10174213349819183,0.03107254020869732
1553444956.22384787,162921,0.028666336089372635,-0.22572286427021027,-0.5168715715408325,-0.025435755029320717,-0.0634896382689476,0.4007083475589752
1553444956.73116803,163431,-0.027532540261745453,-0.2155238837003708,-0.3631778061389923,-0.11803098767995834,0.13288597762584686,0.12823422253131866
1553444957.25344396,163939,-0.0521845743060112,-0.15802152454853058,-0.3463361859321594,0.2476564645767212,0.2022217959165573,-0.044580746442079544
1553444957.75419188,164452,0.015433702617883682,-0.08954890072345734,-0.3939025104045868,-0.03552672266960144,0.13435809314250946,-0.05298912525177002
1553444958.26558805,164962,0.01390155777335167,-0.028969023376703262,-0.3969770669937134,-0.01769663207232952,-0.021738845854997635,0.03631551191210747
1553444958.77295184,165477,0.013800948858261108,-0.02747129276394844,-0.39451244473457336,0.006286613177508116,0.0007792161195538938,-0.0011564724845811725
1553444959.28446794,165983,0.012705301865935326,-0.02586940862238407,-0.39318883419036865,0.0076967147178947926,0.000496146734803915,-0.0077874972485005856
1553444959.79464793,166496,0.011952324770390987,-0.02478487230837345,-0.3915214538574219,0.00474737212061882,0.0005044049466960132,-0.0030512961093336344
1553444960.30101204,167004,0.011689966544508934,-0.023782601580023766,-0.39005568623542786,0.0010011466220021248,-0.0007860470796003938,0.0013628797605633736
1553444960.54982400,167253,0.01190652884542942,-0.02323647402226925,-0.3895370662212372,0.0035129948519170284,0.0005035538924857974,-0.0015444876626133919
1553444960.79280782,167497,0.011442075483500957,-0.022532988339662552,-0.38853001594543457,-0.007831260561943054,0.0014097573002800345,0.006326109636574984
1553444961.06057596,167743,0.011381364427506924,-0.02194387838244438,-0.38772597908973694,0.0025450417306274176,0.0014644474722445011,-0.0024072027299553156
1553444961.29728389,167987,0.011445778422057629,-0.021429382264614105,-0.3867393136024475,2.35614825214725e-05,0.001474341144785285,0.0028744805604219437
1553444961.52632785,168230,0.011643651872873306,-0.021352827548980713,-0.3857123851776123,0.0025589684955775738,-0.0007223734282888472,0.002641754224896431
1553444961.77765203,168473,0.011637155897915363,-0.0210060216486454,-0.38480642437934875,-0.010335571132600307,0.0044352649711072445,0.012678626924753189
1553444962.02338004,168720,0.01135382428765297,-0.020448926836252213,-0.3836076855659485,0.0074200998060405254,0.0023024561814963818,-0.004762036260217428
1553444962.30289197,168964,0.012008221819996834,-0.020613450556993484,-0.3838135898113251,0.01808422990143299,-0.004135411232709885,-0.02832544967532158
1553444962.53105187,169212,-0.04657800495624542,-0.052473731338977814,-0.42380446195602417,-0.46138429641723633,-0.27578461170196533,-0.341552197933197
1553444962.76929593,169457,-0.041563909500837326,-0.11267558485269547,-0.5393185019493103,0.09568512439727783,-0.031132280826568604,-0.5994337797164917
1553444962.99848390,169702,-0.027962978929281235,-0.116439089179039,-0.7031684517860413,0.009138112887740135,-0.05581182986497879,-0.758658766746521
1553444963.24393582,169945,0.02688661590218544,-0.13681286573410034,-0.8743578791618347,0.10997357219457626,-0.03730667382478714,-0.6964964270591736
1553444963.51475596,170192,0.0344267264008522,-0.1395472288131714,-1.0397377014160156,-0.18128269910812378,-0.05817406252026558,-0.6677671670913696
1553444963.72856402,170437,0.011118699796497822,-0.16128122806549072,-1.1938073635101318,-0.2714366912841797,-0.08505397289991379,-0.5907248854637146
1553444963.97622395,170680,-0.01615983247756958,-0.17260468006134033,-1.331289529800415,-0.06879346817731857,-0.036564506590366364,-0.620661735534668
1553444964.22089982,170925,-0.0020962171256542206,-0.17894437909126282,-1.4923646450042725,0.021666336804628372,0.004748962353914976,-0.6683083772659302
1553444964.47255993,171169,0.02375797927379608,-0.17642344534397125,-1.6568596363067627,-0.06543801724910736,0.018452676013112068,-0.7241409420967102
1553444964.71785998,171418,0.015936963260173798,-0.16756190359592438,-1.8334046602249146,-0.19536684453487396,0.06265716999769211,-0.72794109582901
1553444964.95480394,171662,0.0163713451474905,-0.1492922008037567,-2.000514030456543,0.11519897729158401,0.08437363803386688,-0.7020492553710938
1553444965.22081590,171906,-0.017499275505542755,-0.13566258549690247,-2.171537160873413,-0.3884214162826538,0.06405139714479446,-0.8124480247497559
1553444965.46077585,172149,-0.034183796495199203,-0.1590995192527771,-2.4013054370880127,0.02444419078528881,-0.16171061992645264,-1.1322190761566162
1553444965.68703985,172394,-0.02794475480914116,-0.1933165043592453,-2.7015888690948486,-0.41049855947494507,0.0652884989976883,-1.2610061168670654
1553444965.94456792,172639,-0.021241456270217896,-0.14704930782318115,-2.9929070472717285,-0.23607642948627472,0.3335522413253784,-1.1489490270614624
1553444966.18141603,172883,-0.028964292258024216,-0.09341738373041153,3.0402486324310303,0.12478243559598923,0.14808763563632965,-0.9024996161460876
1553444966.42342782,173127,-0.007880860939621925,-0.08573842793703079,2.8768186569213867,0.29023370146751404,0.03446013852953911,-0.4789564907550812
1553444966.72273993,173376,0.06268315762281418,-0.10810494422912598,2.816453218460083,-0.17126967012882233,-0.11823362112045288,-0.11476200819015503
1553444967.18468785,173887,-0.04477039352059364,-0.044947609305381775,2.8831470012664795,-0.19967404007911682,0.12548355758190155,0.23919250071048737
1553444967.69207191,174399,-0.025844771414995193,-0.03513577580451965,2.932375907897949,-0.01955685392022133,0.016009412705898285,-0.0504305437207222
1553444968.21874785,174910,-0.0006845612078905106,-0.018667062744498253,2.9155192375183105,-0.034984707832336426,0.15730197727680206,0.01601262576878071
1553444968.71867204,175418,0.0007978538051247597,-0.007400426547974348,2.921370267868042,-0.011996089480817318,-0.002406736835837364,0.006776219699531794
1553444969.22462797,175924,0.004264628514647484,-0.00874454714357853,2.926588535308838,0.00879081804305315,0.00023186125326901674,-0.011619161814451218
1553444969.72865200,176433,0.007209716830402613,-0.009530139155685902,2.930650234222412,0.0020292329136282206,0.0007470619166269898,0.00029136985540390015
1553444970.24151993,176939,0.009269852191209793,-0.010248521342873573,2.9347476959228516,-0.0034931134432554245,-0.0009223445085808635,0.004566103685647249
1553444970.73627996,177446,0.011954350396990776,-0.011174162849783897,2.9389822483062744,-0.0011733558494597673,0.0023838747292757034,0.0048707351088523865
1553444971.34797597,177953,0.013610050082206726,-0.01255850400775671,2.942765235900879,-0.0005325494566932321,0.0015121521428227425,0.0028008234221488237
1553444971.75335598,178461,0.014146151952445507,-0.013493409380316734,2.9459235668182373,0.001518378616310656,0.00015734636690467596,0.00014545544399879873
1553444972.26333189,178967,0.014343594200909138,-0.014388457871973515,2.9492008686065674,-0.0011671219253912568,4.577857907861471e-05,0.000375772564439103
1553444972.76220393,179475,0.014741107821464539,-0.015180828049778938,2.952335834503174,0.0009480313747189939,0.0007780898595228791,0.00018375521176494658
1553444973.28484797,179981,0.014947298914194107,-0.016013655811548233,2.9553306102752686,-0.0005993469385430217,0.0013037471799179912,0.0025189914740622044
1553444973.78700805,180494,0.014896201901137829,-0.01684265211224556,2.957967519760132,-0.0015426563331857324,0.0002698132302612066,0.004396148957312107
1553444974.31190801,181006,0.014613848179578781,-0.01727285236120224,2.960538625717163,-0.0012974488781765103,0.0010280362330377102,0.003556865733116865
1553444974.81943583,181516,0.014437520876526833,-0.017430350184440613,2.9633843898773193,-0.00015111496031749994,3.7258723750710487e-06,0.0026170238852500916
1553444975.33381581,182024,0.014437813311815262,-0.017401913180947304,2.96642804145813,0.0012727391440421343,0.0013210929464548826,0.001550745451822877
1553444975.56107187,182269,0.014409703202545643,-0.017374150454998016,2.9679110050201416,-0.0007820877945050597,0.0008518950780853629,0.003117059590294957
1553444975.81811595,182517,0.014370434917509556,-0.017358558252453804,2.9694018363952637,0.0007240948034450412,0.0005011738976463675,0.0009282916435040534
1553444976.05396795,182764,0.014320564456284046,-0.01732426881790161,2.9709219932556152,-0.00023462377430405468,-0.0002610142109915614,0.003140468616038561
1553444976.30122399,183012,0.01429453119635582,-0.01728776842355728,2.972504138946533,-0.0011250200914219022,0.00017472519539296627,0.002896391786634922
1553444976.55241203,183257,0.014386656694114208,-0.01743249222636223,2.973987102508545,0.00052359962137416,-0.0013526116963475943,0.0009802908170968294
1553444976.79464388,183504,0.014303014613687992,-0.017546705901622772,2.975456953048706,-0.0007977464701980352,0.001087519689463079,0.002861335640773177
1553444977.30444002,184015,0.014235022477805614,-0.01754782348871231,2.9780797958374023,0.00011774286394938827,0.0010486587416380644,0.0023657516576349735
1553444977.83511591,184522,0.014182663522660732,-0.017474468797445297,2.9807634353637695,0.00045874982606619596,8.08528857305646e-05,0.00265799299813807
1553444978.33803201,185033,0.01417512632906437,-0.017356572672724724,2.983579635620117,-0.0007552628521807492,0.00041399861220270395,0.0014379933709278703
1553444978.83048797,185540,0.014319933950901031,-0.017218684777617455,2.9860641956329346,0.0005688157980330288,0.0007665221346542239,0.0018050952348858118
1553444979.33977985,186049,0.014281803742051125,-0.017014196142554283,2.988807439804077,0.00030038729892112315,-0.00023603340378031135,0.0026608207263052464
1553444979.84503984,186556,0.014392536133527756,-0.016772905364632607,2.9913854598999023,-0.0002615158446133137,0.0005710914265364408,0.002255248837172985
1553444980.35259986,187063,0.014565465971827507,-0.016657009720802307,2.994112968444824,-0.00028044634382240474,0.0014988657785579562,0.003286925842985511
1553444980.86387587,187569,0.014631077647209167,-0.016472317278385162,2.9967150688171387,0.00023168095503933728,0.00025390880182385445,0.002267946256324649
1553444981.36638784,188078,0.014804288744926453,-0.016246704384684563,2.9990792274475098,-0.0009759609238244593,0.0006531748222187161,0.0023496621288359165
1553444981.87397194,188585,0.014989824034273624,-0.016217967495322227,3.001477003097534,-0.0010743876919150352,0.0005647960351780057,0.002493930282071233
